Maker,Genmodel,item_id
Abarth,124 spider,abarth_124spider
Abarth,500,abarth_500
Abarth,500c,abarth_500c
Abarth,595,abarth_595
Abarth,695,abarth_695
Abarth,Grande punto,abarth_grandepunto
Abarth,Punto evo,abarth_puntoevo
Alfa Romeo,147,alfaromeo_147
Alfa Romeo,156,alfaromeo_156
Alfa Romeo,159,alfaromeo_159
Alfa Romeo,166,alfaromeo_166
Alfa Romeo,4c,alfaromeo_4c
Alfa Romeo,Brera,alfaromeo_brera
Alfa Romeo,Giulia,alfaromeo_giulia
Alfa Romeo,Giulietta,alfaromeo_giulietta
Alfa Romeo,Gt,alfaromeo_gt
Alfa Romeo,Gtv,alfaromeo_gtv
Alfa Romeo,Mito,alfaromeo_mito
Alfa Romeo,Spider,alfaromeo_spider
Alfa Romeo,Stelvio,alfaromeo_stelvio
Aston Martin,Db11,astonmartin_db11
Aston Martin,Db7,astonmartin_db7
Aston Martin,Db9,astonmartin_db9
Aston Martin,Dbs,astonmartin_dbs
Aston Martin,Rapide,astonmartin_rapide
Aston Martin,Vanquish,astonmartin_vanquish
Aston Martin,Vantage,astonmartin_vantage
Aston Martin,Virage,astonmartin_virage
Audi,A1,audi_a1
Audi,A2,audi_a2
Audi,A3,audi_a3
Audi,A4,audi_a4
Audi,A5,audi_a5
Audi,A6,audi_a6
Audi,A7,audi_a7
Audi,A8,audi_a8
Audi,Q2,audi_q2
Audi,Q3,audi_q3
Audi,Q5,audi_q5
Audi,Q7,audi_q7
Audi,R8,audi_r8
Audi,Tt,audi_tt
Audi,Q8,audi_q8
Bmw,1 series,bmw_1series
Bmw,2 series,bmw_2series
Bmw,3 series,bmw_3series
Bmw,4 series,bmw_4series
Bmw,5 series,bmw_5series
Bmw,6 series,bmw_6series
Bmw,7 series,bmw_7series
Bmw,Alpina b3,bmw_alpinab3
Bmw,Alpina b5,bmw_alpinab5
Bmw,Alpina b6,bmw_alpinab6
Bmw,Alpina d5 bi-turbo,bmw_alpinad5bi-turbo
Bmw,I3,bmw_i3
Bmw,I8,bmw_i8
Bmw,X1,bmw_x1
Bmw,X2,bmw_x2
Bmw,X3,bmw_x3
Bmw,X4,bmw_x4
Bmw,X5,bmw_x5
Bmw,X6,bmw_x6
Bmw,Z3,bmw_z3
Bmw,Z4,bmw_z4
Bentley,Arnage,bentley_arnage
Bentley,Bentayga,bentley_bentayga
Bentley,Brooklands,bentley_brooklands
Bentley,Continental,bentley_continental
Bentley,Flying spur,bentley_flyingspur
Bentley,Mulsanne,bentley_mulsanne
Cadillac,Bls,cadillac_bls
Cadillac,Cts,cadillac_cts
Cadillac,Escalade,cadillac_escalade
Cadillac,Srx,cadillac_srx
Cadillac,Sts,cadillac_sts
Chevrolet,Aveo,chevrolet_aveo
Chevrolet,Blazer,chevrolet_blazer
Chevrolet,Camaro,chevrolet_camaro
Chevrolet,Captiva,chevrolet_captiva
Chevrolet,Cruze,chevrolet_cruze
Chevrolet,Epica,chevrolet_epica
Chevrolet,Kalos,chevrolet_kalos
Chevrolet,Lacetti,chevrolet_lacetti
Chevrolet,Matiz,chevrolet_matiz
Chevrolet,Orlando,chevrolet_orlando
Chevrolet,Spark,chevrolet_spark
Chevrolet,Tacuma,chevrolet_tacuma
Chevrolet,Trax,chevrolet_trax
Chevrolet,Volt,chevrolet_volt
Chrysler,300c,chrysler_300c
Chrysler,Crossfire,chrysler_crossfire
Chrysler,Delta,chrysler_delta
Chrysler,Grand voyager,chrysler_grandvoyager
Chrysler,Neon,chrysler_neon
Chrysler,Pt cruiser,chrysler_ptcruiser
Chrysler,Sebring,chrysler_sebring
Chrysler,Voyager,chrysler_voyager
Chrysler,Ypsilon,chrysler_ypsilon
Citroen,Berlingo,citroen_berlingo
Citroen,Berlingo multispace,citroen_berlingomultispace
Citroen,C-crosser,citroen_c-crosser
Citroen,C-zero,citroen_c-zero
Citroen,C1,citroen_c1
Citroen,C2,citroen_c2
Citroen,C3,citroen_c3
Citroen,C3 aircross,citroen_c3aircross
Citroen,C3 picasso,citroen_c3picasso
Citroen,C3 pluriel,citroen_c3pluriel
Citroen,C4,citroen_c4
Citroen,C4 cactus,citroen_c4cactus
Citroen,C4 picasso,citroen_c4picasso
Citroen,C5,citroen_c5
Citroen,C6,citroen_c6
Citroen,C8,citroen_c8
Citroen,Dispatch,citroen_dispatch
Citroen,Grand c4 picasso,citroen_grandc4picasso
Citroen,Nemo multispace,citroen_nemomultispace
Citroen,Saxo,citroen_saxo
Citroen,Spacetourer,citroen_spacetourer
Citroen,Synergie,citroen_synergie
Citroen,Xsara,citroen_xsara
Citroen,Xsara picasso,citroen_xsarapicasso
Citroen,Xantia,citroen_xantia
Corvette,C6,corvette_c6
Corvette,Stingray,corvette_stingray
Ds,3,ds_3
Ds,4,ds_4
Ds,5,ds_5
Dacia,Duster,dacia_duster
Dacia,Logan mcv,dacia_loganmcv
Dacia,Sandero,dacia_sandero
Daewoo,Kalos,daewoo_kalos
Daewoo,Lacetti,daewoo_lacetti
Daewoo,Matiz,daewoo_matiz
Daewoo,Nubira,daewoo_nubira
Daewoo,Tacuma,daewoo_tacuma
Daewoo,Lanos,daewoo_lanos
Daewoo,Leganza,daewoo_leganza
Daewoo,Musso,daewoo_musso
Daihatsu,Charade,daihatsu_charade
Daihatsu,Copen,daihatsu_copen
Daihatsu,Cuore,daihatsu_cuore
Daihatsu,Fourtrak,daihatsu_fourtrak
Daihatsu,Materia,daihatsu_materia
Daihatsu,Sirion,daihatsu_sirion
Daihatsu,Terios,daihatsu_terios
Daihatsu,Yrv,daihatsu_yrv
Dodge,Avenger,dodge_avenger
Dodge,Caliber,dodge_caliber
Dodge,Journey,dodge_journey
Dodge,Nitro,dodge_nitro
Ferrari,360,ferrari_360
Ferrari,456,ferrari_456
Ferrari,458,ferrari_458
Ferrari,488,ferrari_488
Ferrari,550,ferrari_550
Ferrari,612,ferrari_612
Ferrari,812 superfast,ferrari_812superfast
Ferrari,California,ferrari_california
Ferrari,F12berlinetta,ferrari_f12berlinetta
Ferrari,F355,ferrari_f355
Ferrari,F430,ferrari_f430
Ferrari,Ff,ferrari_ff
Ferrari,Gtc4lusso,ferrari_gtc4lusso
Fiat,124 spider,fiat_124spider
Fiat,500,fiat_500
Fiat,500l,fiat_500l
Fiat,500x,fiat_500x
Fiat,Barchetta,fiat_barchetta
Fiat,Brava,fiat_brava
Fiat,Bravo,fiat_bravo
Fiat,Croma,fiat_croma
Fiat,Doblo,fiat_doblo
Fiat,Fiorino,fiat_fiorino
Fiat,Grande punto,fiat_grandepunto
Fiat,Idea,fiat_idea
Fiat,Multipla,fiat_multipla
Fiat,Panda,fiat_panda
Fiat,Punto,fiat_punto
Fiat,Punto evo,fiat_puntoevo
Fiat,Qubo,fiat_qubo
Fiat,Scudo,fiat_scudo
Fiat,Sedici,fiat_sedici
Fiat,Seicento,fiat_seicento
Fiat,Stilo,fiat_stilo
Fiat,Tipo,fiat_tipo
Fiat,Ulysse,fiat_ulysse
Fiat,Marea,fiat_marea
Ford,B-max,ford_b-max
Ford,C-max,ford_c-max
Ford,Cougar,ford_cougar
Ford,Ecosport,ford_ecosport
Ford,Edge,ford_edge
Ford,Explorer,ford_explorer
Ford,Fiesta,ford_fiesta
Ford,Focus,ford_focus
Ford,Focus c-max,ford_focusc-max
Ford,Fusion,ford_fusion
Ford,Galaxy,ford_galaxy
Ford,Grand c-max,ford_grandc-max
Ford,Grand tourneo connect,ford_grandtourneoconnect
Ford,Ka,ford_ka
Ford,Kuga,ford_kuga
Ford,Maverick,ford_maverick
Ford,Mondeo,ford_mondeo
Ford,Mustang,ford_mustang
Ford,Puma,ford_puma
Ford,S-max,ford_s-max
Ford,Streetka,ford_streetka
Ford,Tourneo connect,ford_tourneoconnect
Ford,Transit Courier,ford_transitcourier
Ford,Tourneo Courier,ford_tourneocourier
Honda,Accord,honda_accord
Honda,Civic,honda_civic
Honda,Cr-v,honda_cr-v
Honda,Cr-z,honda_cr-z
Honda,Fr-v,honda_fr-v
Honda,Hr-v,honda_hr-v
Honda,Insight,honda_insight
Honda,Integra,honda_integra
Honda,Jazz,honda_jazz
Honda,Legend,honda_legend
Honda,S2000,honda_s2000
Honda,Stream,honda_stream
Honda,Prelude,honda_prelude
Hummer,H2,hummer_h2
Hummer,H3,hummer_h3
Hyundai,Accent,hyundai_accent
Hyundai,Amica,hyundai_amica
Hyundai,Coupe,hyundai_coupe
Hyundai,Elantra,hyundai_elantra
Hyundai,Genesis,hyundai_genesis
Hyundai,Getz,hyundai_getz
Hyundai,Grandeur,hyundai_grandeur
Hyundai,I10,hyundai_i10
Hyundai,I20,hyundai_i20
Hyundai,I30,hyundai_i30
Hyundai,I40,hyundai_i40
Hyundai,I800,hyundai_i800
Hyundai,Ioniq,hyundai_ioniq
Hyundai,Ix20,hyundai_ix20
Hyundai,Ix35,hyundai_ix35
Hyundai,Kona,hyundai_kona
Hyundai,Matrix,hyundai_matrix
Hyundai,Santa fe,hyundai_santafe
Hyundai,Sonata,hyundai_sonata
Hyundai,Terracan,hyundai_terracan
Hyundai,Trajet,hyundai_trajet
Hyundai,Tucson,hyundai_tucson
Hyundai,Veloster,hyundai_veloster
Hyundai,Xg30,hyundai_xg30
Infiniti,Ex,infiniti_ex
Infiniti,Fx,infiniti_fx
Infiniti,G,infiniti_g
Infiniti,M,infiniti_m
Infiniti,Q30,infiniti_q30
Infiniti,Q50,infiniti_q50
Infiniti,Q60,infiniti_q60
Infiniti,Qx30,infiniti_qx30
Isuzu,Trooper,isuzu_trooper
Jaguar,E-pace,jaguar_e-pace
Jaguar,F-pace,jaguar_f-pace
Jaguar,F-type,jaguar_f-type
Jaguar,S-type,jaguar_s-type
Jaguar,X-type,jaguar_x-type
Jaguar,Xe,jaguar_xe
Jaguar,Xf,jaguar_xf
Jaguar,Xj,jaguar_xj
Jaguar,Xk,jaguar_xk
Jaguar,Xk8,jaguar_xk8
Jeep,Cherokee,jeep_cherokee
Jeep,Commander,jeep_commander
Jeep,Compass,jeep_compass
Jeep,Grand cherokee,jeep_grandcherokee
Jeep,Patriot,jeep_patriot
Jeep,Renegade,jeep_renegade
Jeep,Wrangler,jeep_wrangler
Kia,Carens,kia_carens
Kia,'cee''d',kia_'cee''d'
Kia,Cerato,kia_cerato
Kia,Magentis,kia_magentis
Kia,Niro,kia_niro
Kia,Optima,kia_optima
Kia,Picanto,kia_picanto
Kia,'pro_cee''d',kia_'pro_cee''d'
Kia,Rio,kia_rio
Kia,Sedona,kia_sedona
Kia,Sorento,kia_sorento
Kia,Soul,kia_soul
Kia,Sportage,kia_sportage
Kia,Stinger,kia_stinger
Kia,Stonic,kia_stonic
Kia,Venga,kia_venga
Kia,Sephia,kia_sephia
Kia,Soul EV,kia_soulev
Lamborghini,Aventador,lamborghini_aventador
Lamborghini,Gallardo,lamborghini_gallardo
Lamborghini,Huracan,lamborghini_huracan
Lamborghini,Murcielago,lamborghini_murcielago
Land Rover,Discovery,landrover_discovery
Land Rover,Discovery sport,landrover_discoverysport
Land Rover,Freelander,landrover_freelander
Land Rover,Range rover,landrover_rangerover
Land Rover,Range rover evoque,landrover_rangeroverevoque
Land Rover,Range rover sport,landrover_rangeroversport
Land Rover,Range rover velar,landrover_rangerovervelar
Lexus,Ct,lexus_ct
Lexus,Gs,lexus_gs
Lexus,Is,lexus_is
Lexus,Lc,lexus_lc
Lexus,Ls,lexus_ls
Lexus,Nx,lexus_nx
Lexus,Rc,lexus_rc
Lexus,Rx,lexus_rx
Lexus,Sc,lexus_sc
Lotus,Elise,lotus_elise
Lotus,Evora,lotus_evora
Lotus,Exige,lotus_exige
Mg,Gs,mg_gs
Mg,Mg3,mg_mg3
Mg,Mg6,mg_mg6
Mg,Tf,mg_tf
Mg,Zr,mg_zr
Mg,Zs,mg_zs
Mg,Zt,mg_zt
Mini,Clubman,mini_clubman
Mini,Convertible,mini_convertible
Mini,Countryman,mini_countryman
Mini,Coupe,mini_coupe
Mini,Hatch,mini_hatch
Mini,Paceman,mini_paceman
Mini,Roadster,mini_roadster
Mini,John cooper works,mini_johncooperworks
Mini,Cooper s,mini_coopers
Maserati,Coupe,maserati_coupe
Maserati,Ghibli,maserati_ghibli
Maserati,Grancabrio,maserati_grancabrio
Maserati,Gransport,maserati_gransport
Maserati,Granturismo,maserati_granturismo
Maserati,Levante,maserati_levante
Maserati,Quattroporte,maserati_quattroporte
Maserati,Spyder,maserati_spyder
Maybach,57,maybach_57
Maybach,62,maybach_62
Mazda,323,mazda_323
Mazda,626,mazda_626
Mazda,Cx-3,mazda_cx-3
Mazda,Cx-5,mazda_cx-5
Mazda,Cx-7,mazda_cx-7
Mazda,Demio,mazda_demio
Mazda,Mazda2,mazda_mazda2
Mazda,Mazda3,mazda_mazda3
Mazda,Mazda5,mazda_mazda5
Mazda,Mazda6,mazda_mazda6
Mazda,Mpv,mazda_mpv
Mazda,Mx-5,mazda_mx-5
Mazda,Premacy,mazda_premacy
Mazda,Rx-8,mazda_rx-8
Mazda,Tribute,mazda_tribute
Mclaren,540C,mclaren_540c
Mclaren,570GT,mclaren_570gt
Mercedes-Benz,A class,mercedes-benz_aclass
Mercedes-Benz,Amg gt,mercedes-benz_amggt
Mercedes-Benz,B class,mercedes-benz_bclass
Mercedes-Benz,C class,mercedes-benz_cclass
Mercedes-Benz,Cl,mercedes-benz_cl
Mercedes-Benz,Cla class,mercedes-benz_claclass
Mercedes-Benz,Clc class,mercedes-benz_clcclass
Mercedes-Benz,Clk,mercedes-benz_clk
Mercedes-Benz,Cls,mercedes-benz_cls
Mercedes-Benz,E class,mercedes-benz_eclass
Mercedes-Benz,G class,mercedes-benz_gclass
Mercedes-Benz,Gl class,mercedes-benz_glclass
Mercedes-Benz,Gla class,mercedes-benz_glaclass
Mercedes-Benz,Glc class,mercedes-benz_glcclass
Mercedes-Benz,Gle class,mercedes-benz_gleclass
Mercedes-Benz,Gls class,mercedes-benz_glsclass
Mercedes-Benz,M class,mercedes-benz_mclass
Mercedes-Benz,R class,mercedes-benz_rclass
Mercedes-Benz,S class,mercedes-benz_sclass
Mercedes-Benz,Sl class,mercedes-benz_slclass
Mercedes-Benz,Slc,mercedes-benz_slc
Mercedes-Benz,Slk,mercedes-benz_slk
Mercedes-Benz,V class,mercedes-benz_vclass
Mercedes-Benz,Vaneo,mercedes-benz_vaneo
Mercedes-Benz,Viano,mercedes-benz_viano
Mitsubishi,Asx,mitsubishi_asx
Mitsubishi,Carisma,mitsubishi_carisma
Mitsubishi,Colt,mitsubishi_colt
Mitsubishi,Eclipse cross,mitsubishi_eclipsecross
Mitsubishi,Fto,mitsubishi_fto
Mitsubishi,Galant,mitsubishi_galant
Mitsubishi,Grandis,mitsubishi_grandis
Mitsubishi,I,mitsubishi_i
Mitsubishi,Lancer,mitsubishi_lancer
Mitsubishi,Mirage,mitsubishi_mirage
Mitsubishi,Outlander,mitsubishi_outlander
Mitsubishi,Shogun,mitsubishi_shogun
Mitsubishi,Shogun pinin,mitsubishi_shogunpinin
Mitsubishi,Shogun sport,mitsubishi_shogunsport
Mitsubishi,Space star,mitsubishi_spacestar
Mitsubishi,Space wagon,mitsubishi_spacewagon
Nissan,350 z,nissan_350z
Nissan,370 z,nissan_370z
Nissan,Almera,nissan_almera
Nissan,Almera tino,nissan_almeratino
Nissan,Cube,nissan_cube
Nissan,Gt-r,nissan_gt-r
Nissan,Juke,nissan_juke
Nissan,Leaf,nissan_leaf
Nissan,Micra,nissan_micra
Nissan,Murano,nissan_murano
Nissan,Note,nissan_note
Nissan,Nv200,nissan_nv200
Nissan,Pathfinder,nissan_pathfinder
Nissan,Patrol,nissan_patrol
Nissan,Pixo,nissan_pixo
Nissan,Primera,nissan_primera
Nissan,Pulsar,nissan_pulsar
Nissan,Qashqai,nissan_qashqai
Nissan,Qashqai+2,nissan_qashqai+2
Nissan,Serena,nissan_serena
Nissan,Terrano,nissan_terrano
Nissan,X-trail,nissan_x-trail
Perodua,Kelisa,perodua_kelisa
Perodua,Myvi,perodua_myvi
Perodua,Kenari,perodua_kenari
Peugeot,1007,peugeot_1007
Peugeot,106,peugeot_106
Peugeot,107,peugeot_107
Peugeot,108,peugeot_108
Peugeot,2008,peugeot_2008
Peugeot,206,peugeot_206
Peugeot,207,peugeot_207
Peugeot,208,peugeot_208
Peugeot,3008,peugeot_3008
Peugeot,306,peugeot_306
Peugeot,307,peugeot_307
Peugeot,308,peugeot_308
Peugeot,4007,peugeot_4007
Peugeot,406,peugeot_406
Peugeot,407,peugeot_407
Peugeot,5008,peugeot_5008
Peugeot,508,peugeot_508
Peugeot,607,peugeot_607
Peugeot,807,peugeot_807
Peugeot,Bipper tepee,peugeot_bippertepee
Peugeot,Expert tepee,peugeot_experttepee
Peugeot,Ion,peugeot_ion
Peugeot,Partner tepee,peugeot_partnertepee
Peugeot,Rcz,peugeot_rcz
Peugeot,Traveller,peugeot_traveller
Peugeot,806,peugeot_806
Peugeot,Partner combi,peugeot_partnercombi
Peugeot,Expert Combi,peugeot_expertcombi
Porsche,718 boxster,porsche_718boxster
Porsche,718 cayman,porsche_718cayman
Porsche,911,porsche_911
Porsche,Boxster,porsche_boxster
Porsche,Cayenne,porsche_cayenne
Porsche,Cayman,porsche_cayman
Porsche,Macan,porsche_macan
Porsche,Panamera,porsche_panamera
Proton,Gen-2,proton_gen-2
Proton,Impian,proton_impian
Proton,Persona,proton_persona
Proton,Satria neo,proton_satrianeo
Proton,Savvy,proton_savvy
Proton,Wira,proton_wira
Renault,Captur,renault_captur
Renault,Clio,renault_clio
Renault,Espace,renault_espace
Renault,Grand espace,renault_grandespace
Renault,Grand modus,renault_grandmodus
Renault,Grand scenic,renault_grandscenic
Renault,Kadjar,renault_kadjar
Renault,Kangoo,renault_kangoo
Renault,Koleos,renault_koleos
Renault,Laguna,renault_laguna
Renault,Megane,renault_megane
Renault,Modus,renault_modus
Renault,Scenic,renault_scenic
Renault,Twingo,renault_twingo
Renault,Vel satis,renault_velsatis
Renault,Wind,renault_wind
Renault,Zoe,renault_zoe
Rolls-Royce,Dawn,rolls-royce_dawn
Rolls-Royce,Ghost,rolls-royce_ghost
Rolls-Royce,Phantom,rolls-royce_phantom
Rolls-Royce,Silver seraph,rolls-royce_silverseraph
Rolls-Royce,Wraith,rolls-royce_wraith
Rover,25,rover_25
Rover,45,rover_45
Rover,75,rover_75
Rover,City rover,rover_cityrover
Rover,Mini,rover_mini
Rover,Streetwise,rover_streetwise
Rover,600,rover_600
Seat,Alhambra,seat_alhambra
Seat,Altea,seat_altea
Seat,Arona,seat_arona
Seat,Arosa,seat_arosa
Seat,Ateca,seat_ateca
Seat,Cordoba,seat_cordoba
Seat,Exeo,seat_exeo
Seat,Ibiza,seat_ibiza
Seat,Leon,seat_leon
Seat,Mii,seat_mii
Seat,Toledo,seat_toledo
Skoda,Citigo,skoda_citigo
Skoda,Fabia,skoda_fabia
Skoda,Karoq,skoda_karoq
Skoda,Kodiaq,skoda_kodiaq
Skoda,Octavia,skoda_octavia
Skoda,Rapid,skoda_rapid
Skoda,Roomster,skoda_roomster
Skoda,Superb,skoda_superb
Skoda,Yeti,skoda_yeti
Skoda,Felicia,skoda_felicia
Saab,9-3,saab_9-3
Saab,9-5,saab_9-5
Smart,Forfour,smart_forfour
Smart,Fortwo,smart_fortwo
Smart,Roadster,smart_roadster
Ssangyong,Korando,ssangyong_korando
Ssangyong,Kyron,ssangyong_kyron
Ssangyong,Musso,ssangyong_musso
Ssangyong,Rexton,ssangyong_rexton
Ssangyong,Rodius,ssangyong_rodius
Ssangyong,Tivoli,ssangyong_tivoli
Ssangyong,Tivoli xlv,ssangyong_tivolixlv
Ssangyong,Turismo,ssangyong_turismo
Subaru,Brz,subaru_brz
Subaru,Forester,subaru_forester
Subaru,Impreza,subaru_impreza
Subaru,Justy,subaru_justy
Subaru,Legacy,subaru_legacy
Subaru,Levorg,subaru_levorg
Subaru,Outback,subaru_outback
Subaru,Xv,subaru_xv
Suzuki,Alto,suzuki_alto
Suzuki,Baleno,suzuki_baleno
Suzuki,Celerio,suzuki_celerio
Suzuki,Grand vitara,suzuki_grandvitara
Suzuki,Ignis,suzuki_ignis
Suzuki,Jimny,suzuki_jimny
Suzuki,Kizashi,suzuki_kizashi
Suzuki,Liana,suzuki_liana
Suzuki,Splash,suzuki_splash
Suzuki,Swift,suzuki_swift
Suzuki,Sx4,suzuki_sx4
Suzuki,Sx4 s-cross,suzuki_sx4s-cross
Suzuki,Vitara,suzuki_vitara
Suzuki,Wagon r,suzuki_wagonr
Tvr,Cerbera,tvr_cerbera
Tvr,Tuscan,tvr_tuscan
Tesla,Model s,tesla_models
Tesla,Model x,tesla_modelx
Toyota,Auris,toyota_auris
Toyota,Avensis,toyota_avensis
Toyota,Avensis verso,toyota_avensisverso
Toyota,Aygo,toyota_aygo
Toyota,C-hr,toyota_c-hr
Toyota,Camry,toyota_camry
Toyota,Celica,toyota_celica
Toyota,Corolla,toyota_corolla
Toyota,Gt86,toyota_gt86
Toyota,Iq,toyota_iq
Toyota,Land cruiser,toyota_landcruiser
Toyota,Land cruiser amazon,toyota_landcruiseramazon
Toyota,Land cruiser colorado,toyota_landcruisercolorado
Toyota,Mr2,toyota_mr2
Toyota,Picnic,toyota_picnic
Toyota,Previa,toyota_previa
Toyota,Prius,toyota_prius
Toyota,Rav4,toyota_rav4
Toyota,Starlet,toyota_starlet
Toyota,Urbancruiser,toyota_urbancruiser
Toyota,Verso,toyota_verso
Toyota,Yaris,toyota_yaris
Vauxhall,Adam,vauxhall_adam
Vauxhall,Agila,vauxhall_agila
Vauxhall,Ampera,vauxhall_ampera
Vauxhall,Antara,vauxhall_antara
Vauxhall,Astra,vauxhall_astra
Vauxhall,Cascada,vauxhall_cascada
Vauxhall,Combo tour,vauxhall_combotour
Vauxhall,Corsa,vauxhall_corsa
Vauxhall,Crossland x,vauxhall_crosslandx
Vauxhall,Frontera,vauxhall_frontera
Vauxhall,Grandland x,vauxhall_grandlandx
Vauxhall,Insignia,vauxhall_insignia
Vauxhall,Meriva,vauxhall_meriva
Vauxhall,Mokka,vauxhall_mokka
Vauxhall,Monaro,vauxhall_monaro
Vauxhall,Omega,vauxhall_omega
Vauxhall,Signum,vauxhall_signum
Vauxhall,Tigra,vauxhall_tigra
Vauxhall,Vectra,vauxhall_vectra
Vauxhall,Viva,vauxhall_viva
Vauxhall,Vivaro,vauxhall_vivaro
Vauxhall,Vx220,vauxhall_vx220
Vauxhall,Vxr8,vauxhall_vxr8
Vauxhall,Zafira,vauxhall_zafira
Volkswagen,Arteon,volkswagen_arteon
Volkswagen,Beetle,volkswagen_beetle
Volkswagen,Bora,volkswagen_bora
Volkswagen,Caddy life,volkswagen_caddylife
Volkswagen,Caddy maxi life,volkswagen_caddymaxilife
Volkswagen,California,volkswagen_california
Volkswagen,Caravelle,volkswagen_caravelle
Volkswagen,Cc,volkswagen_cc
Volkswagen,Eos,volkswagen_eos
Volkswagen,Fox,volkswagen_fox
Volkswagen,Golf,volkswagen_golf
Volkswagen,Jetta,volkswagen_jetta
Volkswagen,Lupo,volkswagen_lupo
Volkswagen,Passat,volkswagen_passat
Volkswagen,Phaeton,volkswagen_phaeton
Volkswagen,Polo,volkswagen_polo
Volkswagen,Scirocco,volkswagen_scirocco
Volkswagen,Sharan,volkswagen_sharan
Volkswagen,T-roc,volkswagen_t-roc
Volkswagen,Tiguan,volkswagen_tiguan
Volkswagen,Touareg,volkswagen_touareg
Volkswagen,Touran,volkswagen_touran
Volkswagen,Up!,volkswagen_up!
Volkswagen,E-Golf,volkswagen_e-golf
Volvo,C30,volvo_c30
Volvo,C70,volvo_c70
Volvo,S40,volvo_s40
Volvo,S60,volvo_s60
Volvo,S80,volvo_s80
Volvo,S90,volvo_s90
Volvo,V40,volvo_v40
Volvo,V50,volvo_v50
Volvo,V60,volvo_v60
Volvo,V70,volvo_v70
Volvo,V90,volvo_v90
Volvo,Xc60,volvo_xc60
Volvo,Xc70,volvo_xc70
Volvo,Xc90,volvo_xc90
Volvo,S70,volvo_s70
Volvo,Xc40,volvo_xc40
